record_id,publication_year,source_group,T_score,G_score
R0001,2023,europe_pmc,0.054405123,0.107441634
R0002,2026,wos_manual,-0.05212064,0.112984076
R0003,2023,wos_manual,0.13244835,0.028323185
R0004,2025,europe_pmc,-0.060516637,0.102703914
R0005,2026,europe_pmc,-0.09705017,-0.015884513
R0006,2026,europe_pmc,-0.04989403,-0.050464444
R0007,2025,wos_manual,-0.12328063,0.044769235
R0008,2026,wos_manual,-0.060724594,0.08714801
R0009,2024,wos_manual,-0.009395402,-0.1030208
R0010,2021,wos_manual,-0.17504305,-0.07613945
R0011,2025,pubmed_manual,0.051972903,0.09060499
R0012,2024,wos_manual,-0.07252906,0.13378353
R0013,2026,europe_pmc,0.044190347,-0.004472114
R0014,2025,wos_manual,0.063946016,-0.06024016
R0015,2026,europe_pmc,0.01574447,0.07308626
R0016,2025,wos_manual,-0.052215442,0.008446336
R0017,2026,europe_pmc,0.10548824,-0.0029701516
R0018,2024,wos_manual,0.048564993,0.028352164
R0019,2026,wos_manual,-0.045966294,0.11597325
R0020,2023,wos_manual,-0.07322596,0.042807296
R0021,2025,wos_manual,-0.09026015,0.19988953
R0022,2025,europe_pmc,-0.09664211,-0.042835988
R0023,2024,wos_manual,-0.12051944,0.051597327
R0024,2025,europe_pmc,-0.0083829835,-0.078348756
R0025,2024,wos_manual,-0.12349622,0.049410075
R0026,2025,wos_manual,-0.044886634,0.05955705
R0027,2026,europe_pmc,0.04307457,-0.07936977
R0028,2024,wos_manual,0.036285795,0.23765339
R0029,2025,wos_manual,-0.05915796,0.020942532
R0030,2025,europe_pmc,-0.0461611,0.082396306
R0031,2025,wos_manual,0.07202272,0.13157652
R0032,2023,scopus,-0.0053898096,0.11842053
R0033,2024,wos_manual,0.16737373,-0.049652696
R0034,2023,wos_manual,-0.03180395,0.018692758
R0035,2026,scopus,0.09608391,-0.10795167
R0036,2025,wos_manual,-0.0076468997,0.027309801
R0037,2025,europe_pmc,-0.07586134,0.056454323
R0038,2025,scopus,0.15007323,0.006692603
R0039,2024,wos_manual,-0.08124821,0.109186485
R0040,2023,wos_manual,0.14872727,0.082097754
R0041,2025,wos_manual,-0.009841047,-0.030741349
R0042,2024,wos_manual,-0.0045299456,0.11201681
R0043,2025,wos_manual,-0.06760057,0.17780241
R0044,2025,wos_manual,0.0013543479,-0.084152766
R0045,2024,wos_manual,-0.15932074,-0.038470753
R0046,2024,wos_manual,0.15422699,-0.11508477
R0047,2024,wos_manual,-0.15362015,-0.023539014
R0048,2024,wos_manual,0.07618317,0.026669554
R0049,2023,wos_manual,-0.05656609,0.0128875375
R0050,2025,wos_manual,0.0009897016,-0.09242602
R0051,2026,europe_pmc,-0.15659288,0.006383069
R0052,2024,wos_manual,-0.03536267,0.10308458
R0053,2025,wos_manual,-0.053436324,0.03216891
R0054,2025,europe_pmc,-0.07705149,0.071222514
R0055,2023,wos_manual,0.0035870299,0.05134309
R0056,2025,wos_manual,-0.077541724,0.14535268
R0057,2023,wos_manual,0.13199809,0.097313955
R0058,2025,europe_pmc,0.11459617,0.09515403
R0059,2025,pubmed_manual,-0.061193813,-0.014358107
R0060,2025,pubmed_manual,0.005254537,-0.0068808645
R0061,2025,europe_pmc,0.004096728,0.12401922
R0062,2026,scopus,-0.090292156,0.08346717
R0063,2025,wos_manual,-0.103681475,0.0072456226
R0064,2025,wos_manual,0.112705976,0.10179381
R0065,2024,europe_pmc,-0.030762572,-0.09453197
R0066,2025,pubmed_manual,-0.01570322,-0.03646348
R0067,2025,europe_pmc,0.004976172,0.1171532
R0068,2025,wos_manual,-0.038356032,0.05929482
R0069,2024,scopus,0.13937692,0.06377049
R0070,2026,wos_manual,0.02848322,-0.028572023
R0071,2024,wos_manual,-0.05042248,0.13865207
R0072,2026,wos_manual,-0.11538203,0.056141056
R0073,2025,wos_manual,-0.0936667,-0.06519751
R0074,2026,wos_manual,-0.06760118,0.07985719
R0075,2025,europe_pmc,-0.12550774,-0.044448435
R0076,2025,wos_manual,0.17145234,0.073534384
R0077,2025,wos_manual,-0.04713949,-0.04387946
R0078,2024,scopus,0.18062513,0.02405097
R0079,2026,wos_manual,-0.067860074,0.046793133
R0080,2025,europe_pmc,-0.035188384,0.009525873
R0081,2024,wos_manual,-0.030059531,0.117675275
R0082,2024,wos_manual,0.059635192,0.057037883
R0083,2025,wos_manual,0.10363564,0.042949073
R0084,2025,wos_manual,-0.07900574,-0.056126725
R0085,2024,wos_manual,-0.00432308,0.04528024
R0086,2025,europe_pmc,-0.0021276325,0.0099619925
R0087,2024,wos_manual,0.0002379939,0.10234986
R0088,2025,scopus,0.09629685,0.008446403
R0089,2025,europe_pmc,0.136201,0.042749003
R0090,2026,europe_pmc,-0.058694467,0.14728498
R0091,2025,wos_manual,0.07283583,0.033567697
R0092,2025,wos_manual,-0.037322193,-0.001552593
R0093,2026,europe_pmc,0.056467354,-0.08772135
R0094,2024,wos_manual,-0.08115564,0.095258296
R0095,2026,scopus,-0.054425772,-0.097345926
R0096,2025,europe_pmc,-0.11587457,-0.10700458
R0097,2025,wos_manual,-0.09537188,0.043506756
R0098,2024,wos_manual,-0.028772727,-0.053725578
R0099,2025,wos_manual,0.07887396,0.10560553
R0100,2026,europe_pmc,-0.033364132,-0.15750575
R0101,2024,pubmed_manual,0.03245215,-0.04554714
R0102,2025,wos_manual,0.03711,0.19449991
R0103,2025,wos_manual,0.065750584,-0.04127085
R0104,2023,wos_manual,0.058836594,0.3207767
R0105,2026,wos_manual,-0.046353593,0.07109086
R0106,2025,europe_pmc,-0.03233222,-0.03096924
R0107,2024,openalex,-0.0868037,-0.03615311
R0108,2026,wos_manual,-0.0064978823,-0.07539441
R0109,2026,europe_pmc,-0.0572569,-0.157947
R0110,2025,wos_manual,-0.017267015,0.07997629
R0111,2024,wos_manual,0.046276107,-0.08819702
R0112,2025,openalex,-0.023800682,-0.18371566
R0113,2024,wos_manual,0.030559957,-0.018832209
R0114,2025,europe_pmc,-0.10455666,-0.07026376
R0115,2024,wos_manual,0.10071844,0.106205806
R0116,2025,wos_manual,0.030509003,0.01637046
R0117,2026,europe_pmc,-0.05406495,0.08044608
R0118,2025,wos_manual,0.03995867,0.2987256
R0119,2025,wos_manual,-0.089252636,-0.04796087
R0120,2024,wos_manual,0.040896267,0.21693443
R0121,2024,wos_manual,-0.09053653,0.08746211
R0122,2026,europe_pmc,0.05424928,-0.059591778
R0123,2025,wos_manual,0.011212572,-0.00010894239
R0124,2025,wos_manual,-0.027595138,-0.15946503
R0125,2020,pubmed_manual,-0.17699939,0.021344379
R0126,2025,wos_manual,-0.09569593,0.07234694
R0127,2024,wos_manual,-0.0044182837,-0.07806845
R0128,2025,europe_pmc,0.02930072,0.021800503
R0129,2026,europe_pmc,-0.025210205,-0.15436643
R0130,2025,wos_manual,0.033675045,-0.039017044
R0131,2026,europe_pmc,0.099828854,-0.15350136
R0132,2024,wos_manual,0.09789635,0.09184657
R0133,2024,wos_manual,-0.016842138,-0.0098895915
R0134,2025,wos_manual,-0.10465349,0.10269967
R0135,2025,wos_manual,0.08938022,-0.084206305
R0136,2026,scopus,-0.025424352,0.008050311
R0137,2024,wos_manual,-0.096624434,0.01518137
R0138,2025,wos_manual,-0.09170841,-0.06139545
R0139,2023,wos_manual,0.095666006,0.119169965
R0140,2023,wos_manual,-0.07547381,0.019587554
R0141,2025,europe_pmc,-0.074319914,-0.014902711
R0142,2025,europe_pmc,-0.1311025,-0.088593066
R0143,2025,wos_manual,-0.055101655,-0.030405287
R0144,2025,wos_manual,0.09290573,0.013969589
R0145,2025,bibtex_manual,0.034503013,-0.039029203
R0146,2025,bibtex_manual,-0.09424858,0.19990683
R0147,2025,europe_pmc,0.19594988,0.0060886107
R0148,2025,wos_manual,0.04707241,0.030286156
R0149,2024,wos_manual,0.16329752,0.04616581
R0150,2025,wos_manual,0.0066233203,-0.008852126
R0151,2025,europe_pmc,0.107568204,0.10629715
R0152,2025,wos_manual,-0.11337823,0.10563257
R0153,2026,europe_pmc,-0.09724577,-0.08901864
R0154,2023,wos_manual,0.016466334,0.06655753
R0155,2024,bibtex_manual,0.09285137,-0.21265107
R0156,2024,pubmed_manual,-0.0654643,-0.07490575
R0157,2024,pubmed_manual,-0.048560172,-0.060845755
R0158,2024,wos_manual,0.0072366223,0.0036248863
R0159,2024,wos_manual,0.022781603,0.18519017
R0160,2023,wos_manual,0.2934943,0.111773
R0161,2025,wos_manual,0.062107436,-0.23687686
R0162,2023,wos_manual,0.112339884,0.053528875
R0163,2024,wos_manual,-0.08911164,-0.017656904
R0164,2023,wos_manual,0.109729365,0.011782017
R0165,2023,wos_manual,0.25194854,0.046284236
R0166,2025,wos_manual,0.022136435,-0.20608842
R0167,2025,wos_manual,0.21503842,-0.0022979379
R0168,2024,wos_manual,0.037602767,-0.17326015
R0169,2024,wos_manual,-0.0887908,0.1719989
R0170,2025,wos_manual,0.055902436,0.25776702
R0171,2023,wos_manual,0.09555662,0.12992729
R0172,2025,wos_manual,-0.03927569,-0.02826584
R0173,2024,wos_manual,-0.029267889,0.08491942
R0174,2023,wos_manual,0.09457748,0.08920397
R0175,2024,wos_manual,0.06635495,0.30239803
R0176,2026,wos_manual,-0.024894107,0.12865022
R0177,2023,wos_manual,0.13118201,0.10434188
R0178,2025,wos_manual,-0.055190727,-0.14930068
R0179,2025,wos_manual,0.12760581,0.0009990297
R0180,2024,wos_manual,0.09102535,-0.25099498
R0181,2023,wos_manual,0.1768629,0.1897647
R0182,2023,wos_manual,0.17095238,-0.0139952265
R0183,2025,wos_manual,0.054388694,0.15572347
R0184,2024,wos_manual,0.096345514,0.17691441
R0185,2023,wos_manual,-0.00056234,-0.035962246
R0186,2025,wos_manual,0.07719895,-0.1630672
R0187,2024,wos_manual,0.113392755,0.07919982
R0188,2024,wos_manual,0.14775148,-0.16745187
R0189,2025,wos_manual,0.09414089,-0.0031997375
R0190,2025,wos_manual,0.0101643875,0.1163355
R0191,2025,wos_manual,0.11220126,-0.04624474
R0192,2024,wos_manual,0.021281235,-0.013531312
R0193,2023,wos_manual,0.13283342,0.15984711
R0194,2025,wos_manual,0.2192496,-0.14261362
R0195,2025,wos_manual,0.1854406,0.066578045
R0196,2026,wos_manual,0.0031698942,0.10550298
R0197,2025,wos_manual,-0.06729079,-0.08023008
R0198,2024,wos_manual,-0.072897136,0.04841627
R0199,2025,wos_manual,0.08494517,0.15270771
R0200,2024,wos_manual,0.017349698,0.15469252
R0201,2024,wos_manual,0.059074014,0.1531847
R0202,2023,wos_manual,0.0985145,0.09879364
R0203,2023,wos_manual,0.15389723,0.23216616
R0204,2024,wos_manual,0.049687356,0.19503392
R0205,2026,wos_manual,0.018986136,0.11752026
R0206,2025,wos_manual,0.031978145,0.099238604
R0207,2023,wos_manual,0.08773108,0.16552845
R0208,2024,wos_manual,0.0041464902,0.10479011
R0209,2023,wos_manual,0.09591743,0.20286308
R0210,2023,wos_manual,0.0327314,0.21669549
R0211,2023,pubmed_manual,-0.068869136,-0.016714852
R0212,2021,pubmed_manual,-0.0774065,-0.010681722
R0213,2022,pubmed_manual,-0.1309658,-0.061379343
R0214,2025,pubmed_manual,-0.06018344,-0.023381889
R0215,2026,pubmed_manual,-0.10247867,0.13258685
R0216,2025,pubmed_manual,0.018459149,-0.045276437
R0217,2022,pubmed_manual,-0.10324476,-0.043879025
R0218,2025,pubmed_manual,-0.045970768,-0.112331346
R0219,2024,pubmed_manual,0.0121977255,-0.13295828
R0220,2022,pubmed_manual,-0.011390593,-0.21113099
R0221,2023,pubmed_manual,-0.13779876,-0.024351701
R0222,2024,pubmed_manual,-0.042896606,-0.029256202
R0223,2025,wos_manual,0.13576697,0.17182153
R0224,2023,wos_manual,-0.09081043,0.09023701
R0225,2025,wos_manual,0.054682277,0.1927646
R0226,2024,wos_manual,-0.018102229,-0.06345533
R0227,2023,wos_manual,-0.002805099,-0.027521484
R0228,2026,wos_manual,-0.08076683,-0.017515605
R0229,2025,wos_manual,-0.10802165,0.077442735
R0230,2026,wos_manual,-0.048880965,0.22080438
R0231,2026,wos_manual,0.013456449,-0.05712875
R0232,2023,wos_manual,0.0072513483,0.17510708
R0233,2025,wos_manual,0.08196837,0.12383838
R0234,2026,wos_manual,-0.12851614,0.040629514
R0235,2025,wos_manual,-0.060699664,0.10602556
R0236,2025,wos_manual,-0.0393058,0.048190296
R0237,2025,wos_manual,0.007880345,0.016307361
R0238,2024,wos_manual,0.08146757,0.14841206
R0239,2026,wos_manual,-0.061346997,-0.011113711
R0240,2025,wos_manual,0.046715274,0.11997588
R0241,2025,wos_manual,0.0810553,0.17327534
R0242,2024,wos_manual,-0.033702385,0.10560246
R0243,2024,wos_manual,-0.075645864,0.02935873
R0244,2025,wos_manual,-0.08187627,-0.0741043
R0245,2024,wos_manual,0.10023543,0.12541057
R0246,2025,wos_manual,-0.0076455213,0.18261856
R0247,2024,wos_manual,-0.00054802746,0.30194658
R0248,2025,wos_manual,-0.038755152,-0.0104755685
R0249,2024,wos_manual,0.055832997,-0.07102896
R0250,2026,wos_manual,-0.06603766,0.06595427
R0251,2024,wos_manual,0.055243075,0.08584593
R0252,2026,wos_manual,-0.008904245,0.04548288
R0253,2026,wos_manual,-0.069390014,0.07522422
R0254,2024,wos_manual,-0.12270534,0.067643434
R0255,2026,wos_manual,-0.052436724,-0.01460629
R0256,2023,wos_manual,-0.03821458,0.027787827
R0257,2025,wos_manual,0.0038876608,0.119770244
R0258,2024,wos_manual,0.07026144,0.033896647
R0259,2025,wos_manual,-0.02506579,0.051628873
R0260,2025,wos_manual,-0.014702596,0.07340689
R0261,2025,wos_manual,-0.08706227,-0.012716388
R0262,2025,wos_manual,0.0007413849,0.11272214
R0263,2025,wos_manual,-0.054631107,-0.026227355
R0264,2024,wos_manual,-0.06498887,0.1784085
R0265,2025,wos_manual,-0.0011105686,-5.3681433e-06
R0266,2024,wos_manual,0.033121154,0.067295596
R0267,2023,wos_manual,0.06172405,0.04581093
R0268,2024,wos_manual,-0.05754034,0.11592661
R0269,2025,wos_manual,-0.004385814,0.13006781
R0270,2025,wos_manual,-0.04661669,0.06983365
R0271,2025,wos_manual,0.09622404,0.2424091
R0272,2024,wos_manual,-0.019571237,-0.050374437
R0273,2025,wos_manual,-0.030842168,-0.028998816
R0274,2023,wos_manual,-0.0018731877,0.04318355
R0275,2025,wos_manual,-0.055787563,0.08628334
R0276,2026,wos_manual,-0.1013753,-0.08426066
R0277,2025,wos_manual,0.1608234,0.001477886
R0278,2026,wos_manual,-0.02642297,0.088347785
R0279,2025,wos_manual,-0.07157427,0.020857438
R0280,2025,wos_manual,0.022447675,0.2513309
R0281,2025,wos_manual,-0.07782341,0.09893671
R0282,2025,wos_manual,-0.027015612,0.06299195
R0283,2025,wos_manual,-0.087276116,0.006312482
R0284,2024,wos_manual,-0.078063995,0.13900295
R0285,2025,wos_manual,0.020126007,-0.008208435
R0286,2025,wos_manual,0.017337352,0.1283093
R0287,2023,wos_manual,-0.0032779872,0.116911605
R0288,2025,wos_manual,0.053724676,0.09833889
R0289,2024,wos_manual,-0.049730606,-0.059197307
R0290,2026,wos_manual,-0.0798711,0.114847764
R0291,2025,wos_manual,0.009480752,0.22541843
R0292,2025,wos_manual,0.046923295,0.05738923
R0293,2025,wos_manual,-0.04073886,-0.09642001
R0294,2024,wos_manual,0.074962765,0.1009886
R0295,2025,wos_manual,-0.07886313,0.02257631
R0296,2025,wos_manual,-0.10443644,0.09271156
R0297,2025,wos_manual,0.0053194202,-0.013002176
R0298,2024,wos_manual,0.016280927,-0.012304012
R0299,2025,wos_manual,-0.112405926,0.08184232
R0300,2025,wos_manual,-0.12460011,-0.0418882
R0301,2025,wos_manual,-0.13871023,0.012012795
R0302,2025,wos_manual,0.119124874,0.144722
R0303,2025,wos_manual,0.031947292,0.024427913
R0304,2026,wos_manual,-0.07962558,0.06556801
R0305,2025,wos_manual,-0.055349085,0.023496144
R0306,2025,wos_manual,-0.02163675,0.08231865
R0307,2026,wos_manual,-0.05436119,-0.019479405
R0308,2025,wos_manual,-0.037961405,0.045465365
R0309,2023,wos_manual,0.1258228,0.13828777
R0310,2024,wos_manual,0.035183653,0.015875109
R0311,2025,wos_manual,0.047712334,0.11672677
R0312,2024,wos_manual,-0.033148393,-0.09043728
R0313,2025,wos_manual,-0.016225044,0.10248728
R0314,2025,wos_manual,0.2100665,0.036794975
R0315,2025,wos_manual,-0.07939184,-0.0008796267
R0316,2025,wos_manual,-0.06369297,0.024126384
R0317,2025,wos_manual,-0.09626307,0.029419739
R0318,2026,wos_manual,-0.10232584,0.05427084
R0319,2025,wos_manual,-0.05728281,-0.009228988
R0320,2025,wos_manual,-0.113353625,-0.04859678
R0321,2025,wos_manual,-0.042073786,-0.111239694
R0322,2024,wos_manual,0.07078948,0.045506075
R0323,2024,wos_manual,-0.12826237,0.060961552
R0324,2025,wos_manual,0.05647161,0.025371607
R0325,2023,wos_manual,0.10352795,0.063153654
R0326,2025,wos_manual,-0.15097821,0.038143545
R0327,2023,wos_manual,0.026440427,0.13556674
R0328,2025,wos_manual,-0.023594372,0.20126317
R0329,2024,wos_manual,0.03689331,-0.028841108
R0330,2024,wos_manual,-0.0055027083,-0.06250171
R0331,2024,wos_manual,0.09414166,-0.07981148
R0332,2025,wos_manual,0.11503185,0.21084996
R0333,2025,wos_manual,-0.1649487,0.105125085
R0334,2025,wos_manual,0.16431397,-0.07578311
R0335,2025,wos_manual,-0.08519919,0.1046236
R0336,2025,wos_manual,0.07218924,-0.077331945
R0337,2025,wos_manual,0.18036434,-0.09634978
R0338,2023,wos_manual,0.09806509,0.07047847
R0339,2024,wos_manual,-0.003690552,0.058206566
R0340,2024,wos_manual,0.1208953,0.033021122
R0341,2026,wos_manual,0.09801392,0.2319564
R0342,2024,wos_manual,-0.16087265,0.15059595
R0343,2023,wos_manual,0.15577662,0.0841064
R0344,2023,wos_manual,0.09547368,0.030106172
R0345,2024,wos_manual,-0.054330282,-0.20003675
R0346,2026,wos_manual,-0.078502454,0.039060548
R0347,2024,wos_manual,0.03166911,0.11685863
R0348,2024,wos_manual,-0.09065059,0.14446501
R0349,2023,wos_manual,-0.009498578,0.15445547
R0350,2024,wos_manual,0.11475858,0.22220986
R0351,2025,wos_manual,-0.0347213,0.12691724
R0352,2025,wos_manual,0.08012961,0.06605488
R0353,2025,wos_manual,-0.10406443,0.08477257
R0354,2024,wos_manual,0.23062155,-0.14122546
R0355,2023,wos_manual,0.080970615,0.09539679
R0356,2026,wos_manual,-0.03649295,0.14856143
R0357,2025,wos_manual,-0.054038465,0.0044690743
R0358,2025,wos_manual,-0.026634652,-0.07715184
R0359,2025,wos_manual,-0.12092225,0.15642782
R0360,2026,wos_manual,-0.08732386,0.043522134
R0361,2025,wos_manual,0.024610847,0.10585435
R0362,2025,wos_manual,0.07706383,0.14837484
R0363,2024,wos_manual,-0.09451916,-0.052701958
R0364,2023,wos_manual,0.060914382,0.16306882
R0365,2022,wos_manual,-0.09633365,-0.14663263
R0366,2025,wos_manual,0.014315277,0.18997812
R0367,2024,wos_manual,0.044023275,0.109919995
R0368,2023,wos_manual,-0.107042015,-0.079760104
R0369,2025,wos_manual,-0.04877556,0.10654117
R0370,2025,wos_manual,-0.025951793,0.04236409
R0371,2026,wos_manual,0.014059134,0.09730841
R0372,2024,wos_manual,0.0958325,0.16447057
R0373,2025,wos_manual,0.011779577,0.046613097
R0374,2024,wos_manual,0.021019489,-0.19975427
R0375,2020,wos_manual,-0.0844672,-0.073428
R0376,2024,wos_manual,-0.037322126,-0.023477789
R0377,2024,wos_manual,-0.013885327,0.18471052
R0378,2023,wos_manual,0.1156787,0.1267228
R0379,2025,wos_manual,-0.052708574,0.13581564
R0380,2026,wos_manual,0.081072,0.03029035
R0381,2025,wos_manual,-0.010305647,0.022467181
R0382,2026,wos_manual,-0.080815114,0.15341513
R0383,2025,wos_manual,0.09772159,-0.009422256
R0384,2025,wos_manual,-0.1489667,-0.055968106
R0385,2025,wos_manual,-0.12099049,0.14838167
R0386,2025,wos_manual,0.07020202,0.1717644
R0387,2023,wos_manual,0.15464994,-0.041781403
R0388,2025,wos_manual,0.07078674,-0.22674643
R0389,2025,wos_manual,0.059050947,0.1604037
R0390,2024,wos_manual,0.09139806,0.12133719
R0391,2023,wos_manual,-0.050140157,0.24316205
R0392,2024,wos_manual,0.015538067,0.1457887
R0393,2025,wos_manual,0.09847027,-0.12094653
R0394,2024,wos_manual,0.096087664,0.14828165
R0395,2024,wos_manual,0.15974957,0.10670932
R0396,2024,wos_manual,-0.0973187,0.05087544
R0397,2024,wos_manual,0.003480874,0.07023232
R0398,2024,wos_manual,0.08587241,0.10051288
R0399,2024,wos_manual,0.09406595,0.11770801
R0400,2024,wos_manual,0.1300369,-0.13616276
R0401,2024,wos_manual,-0.13299885,0.006368082
R0402,2024,wos_manual,0.101144865,0.13969877
R0403,2025,wos_manual,0.061554566,0.24013366
R0404,2024,wos_manual,0.0730672,0.19618648
R0405,2024,wos_manual,0.08265956,0.22825508
R0406,2024,wos_manual,-0.10304411,0.10274316
R0407,2025,wos_manual,-0.0738746,0.08432995
R0408,2023,wos_manual,0.13683441,0.14545861
R0409,2024,wos_manual,0.093575686,0.03915979
R0410,2025,wos_manual,-0.05059925,0.19283302
R0411,2026,wos_manual,0.1913753,-0.072170444
R0412,2025,wos_manual,-0.098160066,0.0533591
R0413,2025,wos_manual,0.07910958,0.1497419
R0414,2024,wos_manual,0.08884394,0.18955399
R0415,2025,wos_manual,0.06709094,0.23511834
R0416,2025,wos_manual,0.09956306,0.14090513
R0417,2024,wos_manual,0.06987175,0.054588325
R0418,2025,wos_manual,0.003092125,0.18442975
R0419,2026,wos_manual,-0.046185993,-0.06470454
R0420,2025,wos_manual,-0.024223825,-0.02555057
R0421,2024,wos_manual,0.0862779,-0.020226989
R0422,2024,wos_manual,-0.065677464,0.17746712
R0423,2025,wos_manual,0.08090621,0.1750058
R0424,2026,wos_manual,-0.047115125,-0.040952373
R0425,2025,wos_manual,-0.10728146,0.17494144
R0426,2023,wos_manual,0.09907529,0.0941264
R0427,2024,wos_manual,0.2041052,-0.02108834
R0428,2024,wos_manual,0.026065484,0.030797552
R0429,2025,wos_manual,0.11929193,0.08995735
R0430,2025,wos_manual,0.057727963,0.09368835
R0431,2025,wos_manual,0.05420877,0.16048181
R0432,2024,wos_manual,-0.09415017,0.18147844
R0433,2024,wos_manual,-0.0068374835,0.07391773
R0434,2023,wos_manual,0.07670152,0.115922675
R0435,2024,wos_manual,0.012044549,-0.09663294
R0436,2025,wos_manual,0.17530578,-0.029258722
R0437,2024,wos_manual,-0.032669418,0.029501274
R0438,2025,wos_manual,0.09078404,0.087590486
R0439,2024,wos_manual,-0.034148917,0.12201446
R0440,2026,wos_manual,0.037721455,0.112310424
R0441,2025,wos_manual,0.12628299,0.0034360662
R0442,2025,wos_manual,0.12940405,0.009336114
R0443,2024,wos_manual,0.0993655,0.17319803
R0444,2023,wos_manual,0.08362833,0.108226255
R0445,2024,wos_manual,0.13584541,0.10113777
R0446,2023,wos_manual,0.021357201,0.013519075
R0447,2025,wos_manual,0.12036891,-0.043107737
R0448,2025,wos_manual,-0.01097732,-0.08033379
R0449,2024,wos_manual,0.11190501,-0.15555725
R0450,2023,wos_manual,0.045853056,0.14318463
R0451,2025,wos_manual,0.08331114,0.12274441
R0452,2025,wos_manual,-0.10922952,0.20671935
R0453,2025,wos_manual,-0.07738716,0.12512246
R0454,2024,wos_manual,0.11563504,0.16269028
R0455,2024,wos_manual,0.016020432,0.15144292
R0456,2025,wos_manual,-0.04002831,0.11647715
R0457,2025,wos_manual,-0.009620808,-0.085408956
R0458,2024,wos_manual,-0.018682737,0.04069446
R0459,2026,wos_manual,-0.029229164,-0.12673613
R0460,2026,wos_manual,0.01801417,-0.09309093
R0461,2025,wos_manual,0.024275385,0.11875251
R0462,2023,wos_manual,0.10340682,0.108318746
R0463,2023,wos_manual,0.07193217,0.12489869
R0464,2023,wos_manual,-0.06450459,0.07501717
R0465,2024,wos_manual,-0.05023247,0.046492554
R0466,2025,wos_manual,0.039931513,0.21539155
R0467,2025,wos_manual,-0.116970666,0.052273795
R0468,2025,wos_manual,0.039946347,0.051654175
R0469,2025,wos_manual,-0.061464034,-0.060405377
R0470,2024,wos_manual,-0.06324463,-0.108841196
R0471,2024,wos_manual,-0.040435016,0.0034571625
R0472,2026,wos_manual,-0.037697315,-0.034772847
R0473,2023,wos_manual,-0.08486941,0.09287906
R0474,2025,wos_manual,0.114604175,0.03096135
R0475,2025,wos_manual,-0.09231351,0.08701898
R0476,2025,wos_manual,-0.055598803,-0.09744398
R0477,2025,wos_manual,0.023042046,-0.036134627
R0478,2023,wos_manual,0.0966457,0.11571185
R0479,2025,wos_manual,-0.113850266,0.06647468
R0480,2024,wos_manual,0.124258116,0.027464949
R0481,2024,wos_manual,0.17733805,-0.062298626
R0482,2024,wos_manual,0.013530046,0.20202444
R0483,2025,wos_manual,0.011849172,0.08176041
R0484,2025,wos_manual,-0.03338463,0.14452259
R0485,2025,wos_manual,0.18031055,-0.19475703
R0486,2025,wos_manual,0.06971483,0.20071125
R0487,2023,wos_manual,-0.09557167,0.1181557
R0488,2024,wos_manual,-0.0773301,0.0727393
R0489,2023,wos_manual,-0.030264074,0.18494262
R0490,2024,wos_manual,0.09397316,-0.016574193
R0491,2025,wos_manual,0.06931597,0.079916194
R0492,2025,wos_manual,-0.04144068,0.0067752153
R0493,2025,wos_manual,0.102216706,0.10662101
R0494,2025,wos_manual,0.06619066,0.0698248
R0495,2025,wos_manual,-0.030734722,-0.0037360024
R0496,2025,wos_manual,-0.10091208,0.1505706
R0497,2025,wos_manual,-0.096712805,0.06767343
R0498,2025,wos_manual,0.01683554,0.030702665
R0499,2026,wos_manual,-0.03692943,0.056287214
R0500,2025,wos_manual,-0.14333023,-0.04538733
R0501,2024,wos_manual,-0.09770286,0.008500192
R0502,2023,wos_manual,-0.1310521,-0.03831573
R0503,2025,wos_manual,-0.064747795,0.0019998178
R0504,2025,wos_manual,-0.030312646,-0.055004776
R0505,2025,wos_manual,-0.092060566,-0.0923814
R0506,2025,wos_manual,-0.07744938,-0.05793064
R0507,2025,wos_manual,-0.044838108,0.099184185
R0508,2025,wos_manual,-0.14971617,0.088819504
R0509,2024,wos_manual,-0.04162151,0.002237916
R0510,2024,wos_manual,-0.057950873,-0.023969272
R0511,2024,wos_manual,0.023875266,0.1040674
R0512,2024,wos_manual,-0.07057305,0.04520285
R0513,2023,wos_manual,-0.12924671,0.07991273
R0514,2025,wos_manual,0.0052425116,-0.005366711
R0515,2025,wos_manual,-0.022984577,0.11518684
R0516,2025,wos_manual,-0.09096056,0.15824641
R0517,2023,wos_manual,0.022455081,0.24254774
R0518,2025,wos_manual,0.13726184,0.007422507
R0519,2024,wos_manual,0.03583339,0.23595814
R0520,2023,wos_manual,0.0019386485,0.23132168
R0521,2024,wos_manual,0.11862144,0.12649979
R0522,2024,wos_manual,-0.068738766,0.08529595
R0523,2025,wos_manual,0.11117096,0.1922176
R0524,2024,wos_manual,0.028960228,-0.1857525
R0525,2024,wos_manual,0.026612341,0.09881799
R0526,2025,wos_manual,0.1426335,0.16178386
R0527,2025,wos_manual,0.12567604,0.20104952
R0528,2025,wos_manual,0.031047665,0.2002361
R0529,2025,wos_manual,0.04905288,0.1682994
R0530,2023,wos_manual,0.10763353,0.20339958
R0531,2025,wos_manual,-0.05414617,0.05469984
R0532,2025,wos_manual,0.08572067,0.042141274
R0533,2025,wos_manual,0.114809275,0.18584432
R0534,2024,wos_manual,-0.047094923,0.16386278
R0535,2025,wos_manual,-0.04994978,0.019880027
R0536,2022,wos_manual,-0.03644122,-0.120667405
R0537,2026,wos_manual,0.01577209,0.08479936
R0538,2023,wos_manual,0.039993063,0.115510404
R0539,2024,wos_manual,0.006864518,-0.09636851
R0540,2023,wos_manual,0.082191095,0.10686651
R0541,2025,wos_manual,-0.0110033825,0.097429276
R0542,2021,wos_manual,-0.035258964,-0.17341417
R0543,2025,wos_manual,0.0024990886,0.07061675
R0544,2025,wos_manual,-0.061267152,0.09452678
R0545,2023,wos_manual,0.09371196,0.046912
R0546,2024,wos_manual,-0.08413001,0.024986263
R0547,2026,wos_manual,0.076826125,-0.03514842
R0548,2024,wos_manual,0.15953629,0.11215256
R0549,2024,wos_manual,-0.09337241,0.056051776
R0550,2023,wos_manual,0.1382462,0.18349878
R0551,2023,wos_manual,-0.024207246,0.08068186
R0552,2024,wos_manual,-0.028292648,-0.057308316
R0553,2025,wos_manual,0.11797288,0.12259883
R0554,2024,wos_manual,0.10621342,0.017304096
R0555,2025,wos_manual,-0.051404383,-0.22176376
R0556,2026,wos_manual,0.08232576,0.18587293
R0557,2025,wos_manual,0.062497213,0.18607606
R0558,2024,wos_manual,0.15097953,0.015710827
R0559,2024,wos_manual,-0.12816425,0.02155516
R0560,2025,wos_manual,-0.048338313,0.20739971
R0561,2025,wos_manual,-0.06639366,0.058047414
R0562,2024,wos_manual,0.014111213,0.102159426
R0563,2024,wos_manual,0.12690273,-0.00731582
R0564,2024,wos_manual,0.13746256,0.12395315
R0565,2024,wos_manual,0.027618587,0.08345814
R0566,2025,wos_manual,-0.03903063,0.1557257
R0567,2025,wos_manual,-0.039777316,-0.15718591
R0568,2024,wos_manual,0.033584878,-0.055285454
R0569,2023,wos_manual,0.113115296,0.09032974
R0570,2025,wos_manual,-0.074769445,-0.1406993
R0571,2026,wos_manual,-0.123546496,-0.04534483
R0572,2024,wos_manual,-0.022242397,0.1083888
R0573,2025,pubmed_manual,-0.038271822,0.025273431
R0574,2026,pubmed_manual,-0.04453525,-0.12089509
R0575,2025,pubmed_manual,-0.04981257,-0.18255705
R0576,2025,pubmed_manual,-0.015793197,0.11915885
R0577,2023,pubmed_manual,0.0127269775,-0.19144477
R0578,2023,pubmed_manual,-0.064032376,-0.1753466
R0579,2024,pubmed_manual,-0.050458282,-0.070185
R0580,2023,pubmed_manual,-0.06983962,-0.037925187
R0581,2024,pubmed_manual,-0.11051296,-0.09970176
R0582,2024,pubmed_manual,-0.12849005,0.170759
R0583,2023,pubmed_manual,0.1245743,0.10041191
R0584,2021,pubmed_manual,-0.06795168,-0.17629355
R0585,2022,pubmed_manual,-0.13657096,-0.07940609
R0586,2024,pubmed_manual,-0.04749625,-0.15283462
R0587,2021,pubmed_manual,-0.103442,-0.15925644
R0588,2026,pubmed_manual,0.1421473,-0.12485975
R0589,2025,pubmed_manual,-0.09950452,-0.14612515
R0590,2026,pubmed_manual,-0.117619544,0.059153974
R0591,2025,pubmed_manual,-0.10106725,-0.0073099546
R0592,2026,pubmed_manual,-0.18497777,-0.058697637
R0593,2026,pubmed_manual,0.20676711,-0.08632395
R0594,2025,pubmed_manual,-0.023623947,-0.031190142
R0595,2025,pubmed_manual,0.042142004,0.09020379
R0596,2022,pubmed_manual,-0.047817223,-0.08591197
R0597,2025,pubmed_manual,-0.062263314,-0.04326231
R0598,2025,pubmed_manual,0.018930756,-0.06795548
R0599,2024,pubmed_manual,-0.01593816,0.054824114
R0600,2025,pubmed_manual,-0.077849105,-0.031465262
R0601,2024,pubmed_manual,-0.051307183,-0.07779285
R0602,2024,pubmed_manual,0.09257421,0.03134246
R0603,2025,pubmed_manual,-0.080144286,-0.101965085
R0604,2024,bibtex_manual,0.0482049,-0.13514882
R0605,2026,bibtex_manual,-0.066710904,-0.052854516
R0606,2024,bibtex_manual,-0.08291226,0.053374358
R0607,2023,bibtex_manual,0.037482098,-0.11408823
R0608,2025,bibtex_manual,0.041260473,0.13727449
R0609,2025,bibtex_manual,-0.078539684,-0.01671369
R0610,2025,bibtex_manual,0.024200194,-0.21807344
R0611,2024,bibtex_manual,-0.020421006,0.010414414
R0612,2026,bibtex_manual,0.04315704,-0.039693497
R0613,2026,bibtex_manual,0.061714284,0.10538222
R0614,2024,bibtex_manual,0.0020986833,0.11249721
R0615,2024,bibtex_manual,-0.056540757,0.069653526
R0616,2023,bibtex_manual,-0.09898847,0.013126988
R0617,2025,bibtex_manual,-0.036132045,-0.07785832
R0618,2025,bibtex_manual,-0.035075963,0.049459912
R0619,2023,bibtex_manual,0.1754804,0.068868265
R0620,2025,bibtex_manual,-0.054112263,0.004543364
R0621,2025,bibtex_manual,0.04104869,0.17529373
R0622,2025,bibtex_manual,-0.018500693,0.16580102
R0623,2025,bibtex_manual,-0.019855626,-0.10830629
R0624,2025,bibtex_manual,-0.08008583,0.099269345
R0625,2026,bibtex_manual,-0.16448691,-0.03182956
R0626,2025,bibtex_manual,-0.091412365,0.05819252
R0627,2023,bibtex_manual,-0.11581388,0.1381386
R0628,2025,bibtex_manual,-0.13127875,-0.029436175
R0629,2025,bibtex_manual,-0.04209296,0.13478324
R0630,2025,bibtex_manual,0.03680657,-0.10014312
R0631,2025,bibtex_manual,-0.036581375,0.07599163
R0632,2026,bibtex_manual,-0.05898065,0.093243994
R0633,2025,bibtex_manual,-0.0036417618,0.1419274
R0634,2025,bibtex_manual,0.0151072815,-0.0524109
R0635,2025,bibtex_manual,0.025559768,0.10584946
R0636,2025,bibtex_manual,0.008210562,0.1516488
R0637,2024,pubmed_manual,-0.06680148,0.16425024
R0638,2024,pubmed_manual,-0.031126035,-0.1767297
R0639,2022,pubmed_manual,0.0010063201,-0.18332615
R0640,2024,pubmed_manual,0.054969206,0.2431231
R0641,2023,pubmed_manual,-0.016377233,-0.16991705
R0642,2024,pubmed_manual,-0.10512624,-0.12663281
R0643,2024,bibtex_manual,0.11645988,-0.034428693
R0644,2025,pubmed_manual,0.018734328,0.0038048401
R0645,2023,pubmed_manual,-0.02405731,-0.21679087
R0646,2026,pubmed_manual,-0.1471534,-0.025905905
R0647,2024,pubmed_manual,-0.03137205,-0.088168755
R0648,2023,pubmed_manual,-0.059341222,-0.08733467
R0649,2024,pubmed_manual,0.10280126,0.11152525
R0650,2025,pubmed_manual,-0.08187346,-0.06508455
R0651,2021,bibtex_manual,-0.06444744,-0.049556363
R0652,2025,bibtex_manual,-0.06194535,-0.05233015
R0653,2026,bibtex_manual,-0.17014067,-0.021998905
R0654,2025,pubmed_manual,-0.043385696,-0.18126146
R0655,2023,pubmed_manual,-0.07371026,-0.008712184
R0656,2025,pubmed_manual,-0.09959797,-0.07747708
R0657,2020,pubmed_manual,-0.050994147,-0.1274075
R0658,2024,pubmed_manual,0.119707346,-0.06912658
R0659,2026,pubmed_manual,-0.07870408,-0.11391846
R0660,2020,pubmed_manual,0.027095534,-0.10439436
R0661,2023,pubmed_manual,-0.12333205,-0.047891162
R0662,2023,pubmed_manual,-0.094416305,-0.07637504
R0663,2022,pubmed_manual,-0.067009754,-0.11852067
R0664,2024,pubmed_manual,-0.06333771,-0.050213296
R0665,2023,pubmed_manual,-0.103836864,0.005206421
R0666,2025,pubmed_manual,-0.057198416,-0.12225248
R0667,2024,pubmed_manual,-0.07392878,-0.079000175
R0668,2023,pubmed_manual,-0.13054389,-0.14076391
R0669,2024,pubmed_manual,-0.005976744,-0.0781686
R0670,2023,pubmed_manual,-0.12397322,-0.057835042
R0671,2022,pubmed_manual,-0.064763546,-0.17217813
R0672,2025,pubmed_manual,-0.048037805,-0.020631535
R0673,2025,pubmed_manual,0.030347005,-0.14208356
R0674,2025,wos_manual,-0.013134271,-0.056416035
R0675,2026,europe_pmc,-0.06745355,0.10827415
R0676,2025,pubmed_manual,-0.056875918,-0.05172264
R0677,2025,wos_manual,0.047279492,0.036494285
R0678,2023,wos_manual,0.026669636,0.08212803
R0679,2025,wos_manual,-0.03451214,0.015342567
R0680,2023,wos_manual,-0.027510107,-0.04443288
R0681,2023,wos_manual,-0.08715296,-0.09777215
R0682,2025,wos_manual,-0.075253546,-0.14902806
R0683,2024,wos_manual,-0.060685698,-0.054868333
R0684,2025,wos_manual,0.0068891756,-0.011691203
R0685,2025,wos_manual,-0.019954525,-0.040337794
R0686,2023,wos_manual,-0.047017884,-0.14934386
R0687,2024,wos_manual,0.0052698627,-0.07335073
R0688,2025,wos_manual,-0.0048625655,-0.03445593
R0689,2024,wos_manual,-0.04615663,-0.1071456
R0690,2024,wos_manual,-0.039628733,-0.05394035
R0691,2025,wos_manual,-0.095585115,0.054009214
R0692,2024,wos_manual,-0.07141368,0.091431305
R0693,2025,wos_manual,-0.10333677,-0.016523391
R0694,2024,wos_manual,-0.10819781,0.08194634
R0695,2024,wos_manual,0.011170596,-0.014902661
R0696,2024,wos_manual,0.06474608,0.29947263
R0697,2024,wos_manual,0.040281996,0.15030009
R0698,2025,wos_manual,-0.114443734,-0.09352606
R0699,2025,wos_manual,0.12060018,0.08742446
R0700,2024,wos_manual,0.03005343,0.11595258
R0701,2023,wos_manual,-0.100538924,-0.018614346
R0702,2025,wos_manual,-0.028010575,-0.0748203
R0703,2023,wos_manual,-0.12477676,0.054757327
R0704,2025,wos_manual,0.116689265,-0.07425765
R0705,2025,wos_manual,-0.010923438,-0.027399195
R0706,2025,wos_manual,-0.09496577,-0.079772696
R0707,2025,wos_manual,-0.026454518,0.08675129
R0708,2025,wos_manual,0.09837183,0.08930286
R0709,2026,wos_manual,-0.10506216,0.076873176
R0710,2024,pubmed_manual,0.100759804,0.054955244
R0711,2023,pubmed_manual,-0.06877884,-0.01711972
